Version,Name,Size
4.0.0,bookkeeper-benchmark/src/main/java/org/apache/bookkeeper/benchmark/BenchBookie.java,212
4.0.0,bookkeeper-benchmark/src/main/java/org/apache/bookkeeper/benchmark/BenchReadThroughputLatency.java,274
4.0.0,bookkeeper-benchmark/src/main/java/org/apache/bookkeeper/benchmark/BenchThroughputLatency.java,461
4.0.0,bookkeeper-benchmark/src/main/java/org/apache/bookkeeper/benchmark/MySqlClient.java,138
4.0.0,bookkeeper-benchmark/src/main/java/org/apache/bookkeeper/benchmark/TestClient.java,358
4.0.0,bookkeeper-benchmark/src/test/java/org/apache/bookkeeper/benchmark/TestBenchmark.java,161
4.0.0,bookkeeper-server/src/main/java/org/apache/bookkeeper/bookie/Bookie.java,727
4.0.0,bookkeeper-server/src/main/java/org/apache/bookkeeper/bookie/BookieBean.java,51
4.0.0,bookkeeper-server/src/main/java/org/apache/bookkeeper/bookie/BookieException.java,76
4.0.0,bookkeeper-server/src/main/java/org/apache/bookkeeper/bookie/BookieMXBean.java,31
4.0.0,bookkeeper-server/src/main/java/org/apache/bookkeeper/bookie/BufferedChannel.java,36
4.0.0,bookkeeper-server/src/main/java/org/apache/bookkeeper/bookie/Cookie.java,285
4.0.0,bookkeeper-server/src/main/java/org/apache/bookkeeper/bookie/EntryLogger.java,380
4.0.0,bookkeeper-server/src/main/java/org/apache/bookkeeper/bookie/ExitCode.java,40
4.0.0,bookkeeper-server/src/main/java/org/apache/bookkeeper/bookie/FileInfo.java,263
4.0.0,bookkeeper-server/src/main/java/org/apache/bookkeeper/bookie/FileSystemUpgrade.java,390
4.0.0,bookkeeper-server/src/main/java/org/apache/bookkeeper/bookie/GarbageCollectorThread.java,637
4.0.0,bookkeeper-server/src/main/java/org/apache/bookkeeper/bookie/HandleFactory.java,32
4.0.0,bookkeeper-server/src/main/java/org/apache/bookkeeper/bookie/HandleFactoryImpl.java,68
4.0.0,bookkeeper-server/src/main/java/org/apache/bookkeeper/bookie/InterleavedLedgerStorage.java,314
4.0.0,bookkeeper-server/src/main/java/org/apache/bookkeeper/bookie/Journal.java,907
4.0.0,bookkeeper-server/src/main/java/org/apache/bookkeeper/bookie/JournalChannel.java,275
4.0.0,bookkeeper-server/src/main/java/org/apache/bookkeeper/bookie/LedgerCache.java,-486
4.0.0,bookkeeper-server/src/main/java/org/apache/bookkeeper/bookie/LedgerCacheBean.java,27
4.0.0,bookkeeper-server/src/main/java/org/apache/bookkeeper/bookie/LedgerCacheImpl.java,175
4.0.0,bookkeeper-server/src/main/java/org/apache/bookkeeper/bookie/LedgerCacheMXBean.java,50
4.0.0,bookkeeper-server/src/main/java/org/apache/bookkeeper/bookie/LedgerDescriptor.java,-71
4.0.0,bookkeeper-server/src/main/java/org/apache/bookkeeper/bookie/LedgerDescriptorImpl.java,87
4.0.0,bookkeeper-server/src/main/java/org/apache/bookkeeper/bookie/LedgerDescriptorReadOnlyImpl.java,52
4.0.0,bookkeeper-server/src/main/java/org/apache/bookkeeper/bookie/LedgerEntryPage.java,73
4.0.0,bookkeeper-server/src/main/java/org/apache/bookkeeper/bookie/LedgerStorage.java,118
4.0.0,bookkeeper-server/src/main/java/org/apache/bookkeeper/bookie/MarkerFileChannel.java,0
4.0.0,bookkeeper-server/src/main/java/org/apache/bookkeeper/client/AsyncCallback.java,25
4.0.0,bookkeeper-server/src/main/java/org/apache/bookkeeper/client/BKException.java,115
4.0.0,bookkeeper-server/src/main/java/org/apache/bookkeeper/client/BookKeeper.java,500
4.0.0,bookkeeper-server/src/main/java/org/apache/bookkeeper/client/BookKeeperAdmin.java,889
4.0.0,bookkeeper-server/src/main/java/org/apache/bookkeeper/client/BookieWatcher.java,121
4.0.0,bookkeeper-server/src/main/java/org/apache/bookkeeper/client/CRC32DigestManager.java,5
4.0.0,bookkeeper-server/src/main/java/org/apache/bookkeeper/client/DigestManager.java,7
4.0.0,bookkeeper-server/src/main/java/org/apache/bookkeeper/client/DistributionSchedule.java,29
4.0.0,bookkeeper-server/src/main/java/org/apache/bookkeeper/client/LedgerCreateOp.java,-15
4.0.0,bookkeeper-server/src/main/java/org/apache/bookkeeper/client/LedgerDeleteOp.java,10
4.0.0,bookkeeper-server/src/main/java/org/apache/bookkeeper/client/LedgerEntry.java,-1
4.0.0,bookkeeper-server/src/main/java/org/apache/bookkeeper/client/LedgerHandle.java,643
4.0.0,bookkeeper-server/src/main/java/org/apache/bookkeeper/client/LedgerMetadata.java,330
4.0.0,bookkeeper-server/src/main/java/org/apache/bookkeeper/client/LedgerOpenOp.java,65
4.0.0,bookkeeper-server/src/main/java/org/apache/bookkeeper/client/LedgerRecoveryOp.java,12
4.0.0,bookkeeper-server/src/main/java/org/apache/bookkeeper/client/MacDigestManager.java,19
4.0.0,bookkeeper-server/src/main/java/org/apache/bookkeeper/client/PendingAddOp.java,74
4.0.0,bookkeeper-server/src/main/java/org/apache/bookkeeper/client/PendingReadOp.java,234
4.0.0,bookkeeper-server/src/main/java/org/apache/bookkeeper/client/ReadLastConfirmedOp.java,132
4.0.0,bookkeeper-server/src/main/java/org/apache/bookkeeper/client/ReadOnlyLedgerHandle.java,168
4.0.0,bookkeeper-server/src/main/java/org/apache/bookkeeper/client/RoundRobinDistributionSchedule.java,22
4.0.0,bookkeeper-server/src/main/java/org/apache/bookkeeper/client/SyncCounter.java,0
4.0.0,bookkeeper-server/src/main/java/org/apache/bookkeeper/conf/AbstractConfiguration.java,237
4.0.0,bookkeeper-server/src/main/java/org/apache/bookkeeper/conf/ClientConfiguration.java,511
4.0.0,bookkeeper-server/src/main/java/org/apache/bookkeeper/conf/ServerConfiguration.java,1328
4.0.0,bookkeeper-server/src/main/java/org/apache/bookkeeper/jmx/BKMBeanInfo.java,27
4.0.0,bookkeeper-server/src/main/java/org/apache/bookkeeper/jmx/BKMBeanRegistry.java,89
4.0.0,bookkeeper-server/src/main/java/org/apache/bookkeeper/meta/AbstractZkLedgerManager.java,482
4.0.0,bookkeeper-server/src/main/java/org/apache/bookkeeper/meta/FlatLedgerManager.java,166
4.0.0,bookkeeper-server/src/main/java/org/apache/bookkeeper/meta/HierarchicalLedgerManager.java,476
4.0.0,bookkeeper-server/src/main/java/org/apache/bookkeeper/meta/LedgerLayout.java,244
4.0.0,bookkeeper-server/src/main/java/org/apache/bookkeeper/meta/LedgerManager.java,204
4.0.0,bookkeeper-server/src/main/java/org/apache/bookkeeper/meta/LedgerManagerFactory.java,252
4.0.0,bookkeeper-server/src/main/java/org/apache/bookkeeper/meta/SnapshotMap.java,132
4.0.0,bookkeeper-server/src/main/java/org/apache/bookkeeper/proto/BKStats.java,248
4.0.0,bookkeeper-server/src/main/java/org/apache/bookkeeper/proto/BookieClient.java,183
4.0.0,bookkeeper-server/src/main/java/org/apache/bookkeeper/proto/BookieProtocol.java,271
4.0.0,bookkeeper-server/src/main/java/org/apache/bookkeeper/proto/BookieServer.java,161
4.0.0,bookkeeper-server/src/main/java/org/apache/bookkeeper/proto/BookieServerBean.java,82
4.0.0,bookkeeper-server/src/main/java/org/apache/bookkeeper/proto/BookieServerMXBean.java,53
4.0.0,bookkeeper-server/src/main/java/org/apache/bookkeeper/proto/BookkeeperInternalCallbacks.java,91
4.0.0,bookkeeper-server/src/main/java/org/apache/bookkeeper/proto/NIOServerFactory.java,-521
4.0.0,bookkeeper-server/src/main/java/org/apache/bookkeeper/proto/PerChannelBookieClient.java,305
4.0.0,bookkeeper-server/src/main/java/org/apache/bookkeeper/proto/ServerStats.java,-47
4.0.0,bookkeeper-server/src/main/java/org/apache/bookkeeper/streaming/LedgerInputStream.java,1
4.0.0,bookkeeper-server/src/main/java/org/apache/bookkeeper/streaming/LedgerOutputStream.java,1
4.0.0,bookkeeper-server/src/main/java/org/apache/bookkeeper/tools/BookKeeperTools.java,-675
4.0.0,bookkeeper-server/src/main/java/org/apache/bookkeeper/util/HardLink.java,667
4.0.0,bookkeeper-server/src/main/java/org/apache/bookkeeper/util/IOUtils.java,104
4.0.0,bookkeeper-server/src/main/java/org/apache/bookkeeper/util/LocalBookKeeper.java,54
4.0.0,bookkeeper-server/src/main/java/org/apache/bookkeeper/util/Main.java,0
4.0.0,bookkeeper-server/src/main/java/org/apache/bookkeeper/util/MathUtils.java,38
4.0.0,bookkeeper-server/src/main/java/org/apache/bookkeeper/util/OrderedSafeExecutor.java,102
4.0.0,bookkeeper-server/src/main/java/org/apache/bookkeeper/util/SafeRunnable.java,1
4.0.0,bookkeeper-server/src/main/java/org/apache/bookkeeper/util/StringUtils.java,6
4.0.0,bookkeeper-server/src/main/java/org/apache/bookkeeper/util/ZkUtils.java,257
4.0.0,bookkeeper-server/src/test/java/org/apache/bookkeeper/bookie/BookieJournalTest.java,766
4.0.0,bookkeeper-server/src/test/java/org/apache/bookkeeper/bookie/BookieLayoutVersionTest.java,0
4.0.0,bookkeeper-server/src/test/java/org/apache/bookkeeper/bookie/CompactionTest.java,562
4.0.0,bookkeeper-server/src/test/java/org/apache/bookkeeper/bookie/CookieTest.java,430
4.0.0,bookkeeper-server/src/test/java/org/apache/bookkeeper/bookie/EntryLogTest.java,223
4.0.0,bookkeeper-server/src/test/java/org/apache/bookkeeper/bookie/LedgerCacheTest.java,459
4.0.0,bookkeeper-server/src/test/java/org/apache/bookkeeper/bookie/UpgradeTest.java,264
4.0.0,bookkeeper-server/src/test/java/org/apache/bookkeeper/client/BookKeeperTest.java,241
4.0.0,bookkeeper-server/src/test/java/org/apache/bookkeeper/client/BookKeeperTestClient.java,71
4.0.0,bookkeeper-server/src/test/java/org/apache/bookkeeper/client/BookieRecoveryTest.java,588
4.0.0,bookkeeper-server/src/test/java/org/apache/bookkeeper/client/BookieThrottleTest.java,0
4.0.0,bookkeeper-server/src/test/java/org/apache/bookkeeper/client/ClientUtil.java,40
4.0.0,bookkeeper-server/src/test/java/org/apache/bookkeeper/client/LedgerCacheTest.java,-132
4.0.0,bookkeeper-server/src/test/java/org/apache/bookkeeper/client/TestFencing.java,391
4.0.0,bookkeeper-server/src/test/java/org/apache/bookkeeper/client/TestReadTimeout.java,93
4.0.0,bookkeeper-server/src/test/java/org/apache/bookkeeper/meta/GcLedgersTest.java,272
4.0.0,bookkeeper-server/src/test/java/org/apache/bookkeeper/meta/HierarchicalAsyncLedgerOpsTest.java,0
4.0.0,bookkeeper-server/src/test/java/org/apache/bookkeeper/meta/HierarchicalBookieFailureTest.java,0
4.0.0,bookkeeper-server/src/test/java/org/apache/bookkeeper/meta/HierarchicalBookieReadWriteTest.java,0
4.0.0,bookkeeper-server/src/test/java/org/apache/bookkeeper/meta/HierarchicalBookieRecoveryTest.java,0
4.0.0,bookkeeper-server/src/test/java/org/apache/bookkeeper/meta/HierarchicalLedgerDeleteTest.java,43
4.0.0,bookkeeper-server/src/test/java/org/apache/bookkeeper/meta/LedgerLayoutTest.java,148
4.0.0,bookkeeper-server/src/test/java/org/apache/bookkeeper/meta/LedgerManagerTestCase.java,89
4.0.0,bookkeeper-server/src/test/java/org/apache/bookkeeper/meta/TestLedgerManager.java,326
4.0.0,bookkeeper-server/src/test/java/org/apache/bookkeeper/proto/TestProtoVersions.java,96
4.0.0,bookkeeper-server/src/test/java/org/apache/bookkeeper/test/AsyncLedgerOpsTest.java,2
4.0.0,bookkeeper-server/src/test/java/org/apache/bookkeeper/test/BaseTestCase.java,-127
4.0.0,bookkeeper-server/src/test/java/org/apache/bookkeeper/test/BookKeeperClusterTestCase.java,572
4.0.0,bookkeeper-server/src/test/java/org/apache/bookkeeper/test/BookieClientTest.java,12
4.0.0,bookkeeper-server/src/test/java/org/apache/bookkeeper/test/BookieFailureTest.java,96
4.0.0,bookkeeper-server/src/test/java/org/apache/bookkeeper/test/BookieJournalRollingTest.java,273
4.0.0,bookkeeper-server/src/test/java/org/apache/bookkeeper/test/BookieReadWriteTest.java,354
4.0.0,bookkeeper-server/src/test/java/org/apache/bookkeeper/test/BookieRecoveryTest.java,6
4.0.0,bookkeeper-server/src/test/java/org/apache/bookkeeper/test/BookieZKExpireTest.java,108
4.0.0,bookkeeper-server/src/test/java/org/apache/bookkeeper/test/CloseTest.java,26
4.0.0,bookkeeper-server/src/test/java/org/apache/bookkeeper/test/ConcurrentLedgerTest.java,8
4.0.0,bookkeeper-server/src/test/java/org/apache/bookkeeper/test/ConditionalSetTest.java,116
4.0.0,bookkeeper-server/src/test/java/org/apache/bookkeeper/test/ConfigurationTest.java,67
4.0.0,bookkeeper-server/src/test/java/org/apache/bookkeeper/test/IndexCorruptionTest.java,166
4.0.0,bookkeeper-server/src/test/java/org/apache/bookkeeper/test/LedgerCacheTest.java,132
4.0.0,bookkeeper-server/src/test/java/org/apache/bookkeeper/test/LedgerCreateDeleteTest.java,99
4.0.0,bookkeeper-server/src/test/java/org/apache/bookkeeper/test/LedgerDeleteTest.java,8
4.0.0,bookkeeper-server/src/test/java/org/apache/bookkeeper/test/LedgerRecoveryTest.java,64
4.0.0,bookkeeper-server/src/test/java/org/apache/bookkeeper/test/LoopbackClient.java,2
4.0.0,bookkeeper-server/src/test/java/org/apache/bookkeeper/test/NIOServerFactoryTest.java,-60
4.0.0,bookkeeper-server/src/test/java/org/apache/bookkeeper/test/ZooKeeperUtil.java,158
4.0.0,bookkeeper/src/main/java/org/apache/bookkeeper/bookie/Bookie.java,545
4.0.0,bookkeeper/src/main/java/org/apache/bookkeeper/bookie/BookieException.java,81
4.0.0,bookkeeper/src/main/java/org/apache/bookkeeper/bookie/BufferedChannel.java,168
4.0.0,bookkeeper/src/main/java/org/apache/bookkeeper/bookie/EntryLogger.java,487
4.0.0,bookkeeper/src/main/java/org/apache/bookkeeper/bookie/FileInfo.java,124
4.0.0,bookkeeper/src/main/java/org/apache/bookkeeper/bookie/LedgerCache.java,536
4.0.0,bookkeeper/src/main/java/org/apache/bookkeeper/bookie/LedgerDescriptor.java,133
4.0.0,bookkeeper/src/main/java/org/apache/bookkeeper/bookie/LedgerEntryPage.java,151
4.0.0,bookkeeper/src/main/java/org/apache/bookkeeper/bookie/MarkerFileChannel.java,147
4.0.0,bookkeeper/src/main/java/org/apache/bookkeeper/client/AsyncCallback.java,126
4.0.0,bookkeeper/src/main/java/org/apache/bookkeeper/client/BKException.java,249
4.0.0,bookkeeper/src/main/java/org/apache/bookkeeper/client/BookKeeper.java,410
4.0.0,bookkeeper/src/main/java/org/apache/bookkeeper/client/BookieWatcher.java,204
4.0.0,bookkeeper/src/main/java/org/apache/bookkeeper/client/CRC32DigestManager.java,50
4.0.0,bookkeeper/src/main/java/org/apache/bookkeeper/client/DigestManager.java,184
4.0.0,bookkeeper/src/main/java/org/apache/bookkeeper/client/DistributionSchedule.java,61
4.0.0,bookkeeper/src/main/java/org/apache/bookkeeper/client/LedgerCreateOp.java,167
4.0.0,bookkeeper/src/main/java/org/apache/bookkeeper/client/LedgerDeleteOp.java,80
4.0.0,bookkeeper/src/main/java/org/apache/bookkeeper/client/LedgerEntry.java,83
4.0.0,bookkeeper/src/main/java/org/apache/bookkeeper/client/LedgerHandle.java,547
4.0.0,bookkeeper/src/main/java/org/apache/bookkeeper/client/LedgerMetadata.java,198
4.0.0,bookkeeper/src/main/java/org/apache/bookkeeper/client/LedgerOpenOp.java,140
4.0.0,bookkeeper/src/main/java/org/apache/bookkeeper/client/LedgerRecoveryOp.java,178
4.0.0,bookkeeper/src/main/java/org/apache/bookkeeper/client/MacDigestManager.java,67
4.0.0,bookkeeper/src/main/java/org/apache/bookkeeper/client/PendingAddOp.java,138
4.0.0,bookkeeper/src/main/java/org/apache/bookkeeper/client/PendingReadOp.java,170
4.0.0,bookkeeper/src/main/java/org/apache/bookkeeper/client/RoundRobinDistributionSchedule.java,87
4.0.0,bookkeeper/src/main/java/org/apache/bookkeeper/client/SyncCounter.java,85
4.0.0,bookkeeper/src/main/java/org/apache/bookkeeper/proto/BookieClient.java,178
4.0.0,bookkeeper/src/main/java/org/apache/bookkeeper/proto/BookieProtocol.java,75
4.0.0,bookkeeper/src/main/java/org/apache/bookkeeper/proto/BookieServer.java,209
4.0.0,bookkeeper/src/main/java/org/apache/bookkeeper/proto/BookkeeperInternalCallbacks.java,57
4.0.0,bookkeeper/src/main/java/org/apache/bookkeeper/proto/NIOServerFactory.java,521
4.0.0,bookkeeper/src/main/java/org/apache/bookkeeper/proto/PerChannelBookieClient.java,573
4.0.0,bookkeeper/src/main/java/org/apache/bookkeeper/proto/ServerStats.java,148
4.0.0,bookkeeper/src/main/java/org/apache/bookkeeper/streaming/LedgerInputStream.java,173
4.0.0,bookkeeper/src/main/java/org/apache/bookkeeper/streaming/LedgerOutputStream.java,147
4.0.0,bookkeeper/src/main/java/org/apache/bookkeeper/tools/BookKeeperTools.java,763
4.0.0,bookkeeper/src/main/java/org/apache/bookkeeper/util/LocalBookKeeper.java,209
4.0.0,bookkeeper/src/main/java/org/apache/bookkeeper/util/Main.java,54
4.0.0,bookkeeper/src/main/java/org/apache/bookkeeper/util/MathUtils.java,38
4.0.0,bookkeeper/src/main/java/org/apache/bookkeeper/util/OrderedSafeExecutor.java,98
4.0.0,bookkeeper/src/main/java/org/apache/bookkeeper/util/SafeRunnable.java,38
4.0.0,bookkeeper/src/main/java/org/apache/bookkeeper/util/StringUtils.java,94
4.0.0,bookkeeper/src/test/java/org/apache/bookkeeper/test/AsyncLedgerOpsTest.java,256
4.0.0,bookkeeper/src/test/java/org/apache/bookkeeper/test/BaseTestCase.java,176
4.0.0,bookkeeper/src/test/java/org/apache/bookkeeper/test/BookieClientTest.java,232
4.0.0,bookkeeper/src/test/java/org/apache/bookkeeper/test/BookieFailureTest.java,305
4.0.0,bookkeeper/src/test/java/org/apache/bookkeeper/test/BookieReadWriteTest.java,720
4.0.0,bookkeeper/src/test/java/org/apache/bookkeeper/test/BookieRecoveryTest.java,400
4.0.0,bookkeeper/src/test/java/org/apache/bookkeeper/test/CloseTest.java,74
4.0.0,bookkeeper/src/test/java/org/apache/bookkeeper/test/ConcurrentLedgerTest.java,178
4.0.0,bookkeeper/src/test/java/org/apache/bookkeeper/test/LedgerDeleteTest.java,163
4.0.0,bookkeeper/src/test/java/org/apache/bookkeeper/test/LedgerRecoveryTest.java,88
4.0.0,bookkeeper/src/test/java/org/apache/bookkeeper/test/LoopbackClient.java,117
4.0.0,bookkeeper/src/test/java/org/apache/bookkeeper/test/NIOServerFactoryTest.java,60
4.0.0,hedwig-client/src/main/java/org/apache/hedwig/client/HedwigClient.java,72
4.0.0,hedwig-client/src/main/java/org/apache/hedwig/client/api/Client.java,42
4.0.0,hedwig-client/src/main/java/org/apache/hedwig/client/api/MessageHandler.java,48
4.0.0,hedwig-client/src/main/java/org/apache/hedwig/client/api/Publisher.java,89
4.0.0,hedwig-client/src/main/java/org/apache/hedwig/client/api/Subscriber.java,380
4.0.0,hedwig-client/src/main/java/org/apache/hedwig/client/benchmark/BenchmarkPublisher.java,141
4.0.0,hedwig-client/src/main/java/org/apache/hedwig/client/benchmark/BenchmarkSubscriber.java,148
4.0.0,hedwig-client/src/main/java/org/apache/hedwig/client/benchmark/BenchmarkUtils.java,191
4.0.0,hedwig-client/src/main/java/org/apache/hedwig/client/benchmark/BenchmarkWorker.java,46
4.0.0,hedwig-client/src/main/java/org/apache/hedwig/client/benchmark/HedwigBenchmark.java,165
4.0.0,hedwig-client/src/main/java/org/apache/hedwig/client/conf/ClientConfiguration.java,171
4.0.0,hedwig-client/src/main/java/org/apache/hedwig/client/data/MessageConsumeData.java,56
4.0.0,hedwig-client/src/main/java/org/apache/hedwig/client/data/PubSubData.java,179
4.0.0,hedwig-client/src/main/java/org/apache/hedwig/client/data/TopicSubscriber.java,74
4.0.0,hedwig-client/src/main/java/org/apache/hedwig/client/exceptions/AlreadyStartDeliveryException.java,36
4.0.0,hedwig-client/src/main/java/org/apache/hedwig/client/exceptions/InvalidSubscriberIdException.java,37
4.0.0,hedwig-client/src/main/java/org/apache/hedwig/client/exceptions/ServerRedirectLoopException.java,38
4.0.0,hedwig-client/src/main/java/org/apache/hedwig/client/exceptions/TooManyServerRedirectsException.java,39
4.0.0,hedwig-client/src/main/java/org/apache/hedwig/client/handlers/MessageConsumeCallback.java,117
4.0.0,hedwig-client/src/main/java/org/apache/hedwig/client/handlers/PubSubCallback.java,94
4.0.0,hedwig-client/src/main/java/org/apache/hedwig/client/handlers/PublishResponseHandler.java,71
4.0.0,hedwig-client/src/main/java/org/apache/hedwig/client/handlers/SubscribeReconnectCallback.java,113
4.0.0,hedwig-client/src/main/java/org/apache/hedwig/client/handlers/SubscribeResponseHandler.java,183
4.0.0,hedwig-client/src/main/java/org/apache/hedwig/client/handlers/UnsubscribeResponseHandler.java,85
4.0.0,hedwig-client/src/main/java/org/apache/hedwig/client/netty/ClientChannelPipelineFactory.java,58
4.0.0,hedwig-client/src/main/java/org/apache/hedwig/client/netty/ConnectCallback.java,0
4.0.0,hedwig-client/src/main/java/org/apache/hedwig/client/netty/HedwigClient.java,360
4.0.0,hedwig-client/src/main/java/org/apache/hedwig/client/netty/HedwigClientImpl.java,-232
4.0.0,hedwig-client/src/main/java/org/apache/hedwig/client/netty/HedwigPublisher.java,151
4.0.0,hedwig-client/src/main/java/org/apache/hedwig/client/netty/HedwigSubscriber.java,422
4.0.0,hedwig-client/src/main/java/org/apache/hedwig/client/netty/ResponseHandler.java,0
4.0.0,hedwig-client/src/main/java/org/apache/hedwig/client/netty/WriteCallback.java,107
4.0.0,hedwig-client/src/main/java/org/apache/hedwig/client/ssl/SslClientContextFactory.java,41
4.0.0,hedwig-client/src/main/java/org/apache/hedwig/client/ssl/SslContextFactory.java,66
4.0.0,hedwig-client/src/main/java/org/apache/hedwig/conf/AbstractConfiguration.java,63
4.0.0,hedwig-client/src/main/java/org/apache/hedwig/util/Callback.java,47
4.0.0,hedwig-client/src/main/java/org/apache/hedwig/util/CallbackUtils.java,183
4.0.0,hedwig-client/src/main/java/org/apache/hedwig/util/ConcurrencyUtils.java,49
4.0.0,hedwig-client/src/main/java/org/apache/hedwig/util/Either.java,50
4.0.0,hedwig-client/src/main/java/org/apache/hedwig/util/FileUtils.java,98
4.0.0,hedwig-client/src/main/java/org/apache/hedwig/util/HedwigSocketAddress.java,143
4.0.0,hedwig-client/src/main/java/org/apache/hedwig/util/Option.java,43
4.0.0,hedwig-client/src/main/java/org/apache/hedwig/util/Pair.java,42
4.0.0,hedwig-client/src/main/java/org/apache/hedwig/util/PathUtils.java,56
4.0.0,hedwig-client/src/test/java/org/apache/hedwig/client/AppTest.java,51
4.0.0,hedwig-client/src/test/java/org/apache/hedwig/util/TestFileUtils.java,41
4.0.0,hedwig-client/src/test/java/org/apache/hedwig/util/TestHedwigSocketAddress.java,104
4.0.0,hedwig-client/src/test/java/org/apache/hedwig/util/TestPathUtils.java,54
4.0.0,hedwig-protocol/src/main/java/org/apache/hedwig/exceptions/PubSubException.java,254
4.0.0,hedwig-protocol/src/main/java/org/apache/hedwig/protocol/PubSubProtocol.java,16883
4.0.0,hedwig-protocol/src/main/java/org/apache/hedwig/protoextensions/MessageIdUtils.java,153
4.0.0,hedwig-protocol/src/main/java/org/apache/hedwig/protoextensions/PubSubResponseUtils.java,68
4.0.0,hedwig-protocol/src/main/java/org/apache/hedwig/protoextensions/SubscriptionStateUtils.java,100
4.0.0,hedwig-server/src/main/java/org/apache/hedwig/admin/HedwigAdmin.java,550
4.0.0,hedwig-server/src/main/java/org/apache/hedwig/admin/console/HedwigCommands.java,437
4.0.0,hedwig-server/src/main/java/org/apache/hedwig/admin/console/HedwigConsole.java,1038
4.0.0,hedwig-server/src/main/java/org/apache/hedwig/admin/console/JLineHedwigCompletor.java,104
4.0.0,hedwig-server/src/main/java/org/apache/hedwig/admin/console/ReadTopic.java,332
4.0.0,hedwig-server/src/main/java/org/apache/hedwig/server/benchmark/AbstractBenchmark.java,106
4.0.0,hedwig-server/src/main/java/org/apache/hedwig/server/benchmark/BookieBenchmark.java,105
4.0.0,hedwig-server/src/main/java/org/apache/hedwig/server/benchmark/BookkeeperBenchmark.java,94
4.0.0,hedwig-server/src/main/java/org/apache/hedwig/server/benchmark/FakeBookie.java,101
4.0.0,hedwig-server/src/main/java/org/apache/hedwig/server/common/ByteStringInterner.java,38
4.0.0,hedwig-server/src/main/java/org/apache/hedwig/server/common/ServerConfiguration.java,666
4.0.0,hedwig-server/src/main/java/org/apache/hedwig/server/common/TerminateJVMExceptionHandler.java,32
4.0.0,hedwig-server/src/main/java/org/apache/hedwig/server/common/TopicOpQueuer.java,111
4.0.0,hedwig-server/src/main/java/org/apache/hedwig/server/common/UnexpectedError.java,35
4.0.0,hedwig-server/src/main/java/org/apache/hedwig/server/delivery/ChannelEndPoint.java,90
4.0.0,hedwig-server/src/main/java/org/apache/hedwig/server/delivery/DeliveryCallback.java,27
4.0.0,hedwig-server/src/main/java/org/apache/hedwig/server/delivery/DeliveryEndPoint.java,28
4.0.0,hedwig-server/src/main/java/org/apache/hedwig/server/delivery/DeliveryManager.java,92
4.0.0,hedwig-server/src/main/java/org/apache/hedwig/server/delivery/FIFODeliveryManager.java,979
4.0.0,hedwig-server/src/main/java/org/apache/hedwig/server/handlers/BaseHandler.java,67
4.0.0,hedwig-server/src/main/java/org/apache/hedwig/server/handlers/ChannelDisconnectListener.java,29
4.0.0,hedwig-server/src/main/java/org/apache/hedwig/server/handlers/ConsumeHandler.java,72
4.0.0,hedwig-server/src/main/java/org/apache/hedwig/server/handlers/Handler.java,37
4.0.0,hedwig-server/src/main/java/org/apache/hedwig/server/handlers/NettyHandlerBean.java,47
4.0.0,hedwig-server/src/main/java/org/apache/hedwig/server/handlers/NettyHandlerMXBean.java,31
4.0.0,hedwig-server/src/main/java/org/apache/hedwig/server/handlers/PublishHandler.java,90
4.0.0,hedwig-server/src/main/java/org/apache/hedwig/server/handlers/SubscribeHandler.java,223
4.0.0,hedwig-server/src/main/java/org/apache/hedwig/server/handlers/UnsubscribeHandler.java,107
4.0.0,hedwig-server/src/main/java/org/apache/hedwig/server/jmx/HedwigJMXService.java,37
4.0.0,hedwig-server/src/main/java/org/apache/hedwig/server/jmx/HedwigMBeanInfo.java,27
4.0.0,hedwig-server/src/main/java/org/apache/hedwig/server/jmx/HedwigMBeanRegistry.java,48
4.0.0,hedwig-server/src/main/java/org/apache/hedwig/server/netty/PubSubServer.java,535
4.0.0,hedwig-server/src/main/java/org/apache/hedwig/server/netty/PubSubServerBean.java,83
4.0.0,hedwig-server/src/main/java/org/apache/hedwig/server/netty/PubSubServerMXBean.java,63
4.0.0,hedwig-server/src/main/java/org/apache/hedwig/server/netty/PubSubServerPipelineFactory.java,76
4.0.0,hedwig-server/src/main/java/org/apache/hedwig/server/netty/ServerStats.java,202
4.0.0,hedwig-server/src/main/java/org/apache/hedwig/server/netty/UmbrellaHandler.java,155
4.0.0,hedwig-server/src/main/java/org/apache/hedwig/server/persistence/BookkeeperPersistenceManager.java,1263
4.0.0,hedwig-server/src/main/java/org/apache/hedwig/server/persistence/CacheKey.java,74
4.0.0,hedwig-server/src/main/java/org/apache/hedwig/server/persistence/CacheValue.java,101
4.0.0,hedwig-server/src/main/java/org/apache/hedwig/server/persistence/Factory.java,22
4.0.0,hedwig-server/src/main/java/org/apache/hedwig/server/persistence/LocalDBPersistenceManager.java,491
4.0.0,hedwig-server/src/main/java/org/apache/hedwig/server/persistence/MapMethods.java,62
4.0.0,hedwig-server/src/main/java/org/apache/hedwig/server/persistence/PersistRequest.java,59
4.0.0,hedwig-server/src/main/java/org/apache/hedwig/server/persistence/PersistenceManager.java,99
4.0.0,hedwig-server/src/main/java/org/apache/hedwig/server/persistence/PersistenceManagerWithRangeScan.java,27
4.0.0,hedwig-server/src/main/java/org/apache/hedwig/server/persistence/RangeScanRequest.java,77
4.0.0,hedwig-server/src/main/java/org/apache/hedwig/server/persistence/ReadAheadCache.java,863
4.0.0,hedwig-server/src/main/java/org/apache/hedwig/server/persistence/ReadAheadCacheBean.java,64
4.0.0,hedwig-server/src/main/java/org/apache/hedwig/server/persistence/ReadAheadCacheMXBean.java,45
4.0.0,hedwig-server/src/main/java/org/apache/hedwig/server/persistence/ScanCallback.java,63
4.0.0,hedwig-server/src/main/java/org/apache/hedwig/server/persistence/ScanCallbackWithContext.java,54
4.0.0,hedwig-server/src/main/java/org/apache/hedwig/server/persistence/ScanRequest.java,64
4.0.0,hedwig-server/src/main/java/org/apache/hedwig/server/proxy/ChannelTracker.java,132
4.0.0,hedwig-server/src/main/java/org/apache/hedwig/server/proxy/HedwigProxy.java,182
4.0.0,hedwig-server/src/main/java/org/apache/hedwig/server/proxy/ProxyConfiguration.java,36
4.0.0,hedwig-server/src/main/java/org/apache/hedwig/server/proxy/ProxyConsumeHandler.java,58
4.0.0,hedwig-server/src/main/java/org/apache/hedwig/server/proxy/ProxyPublishHander.java,62
4.0.0,hedwig-server/src/main/java/org/apache/hedwig/server/proxy/ProxyStartDeliveryHandler.java,132
4.0.0,hedwig-server/src/main/java/org/apache/hedwig/server/proxy/ProxyStopDeliveryHandler.java,74
4.0.0,hedwig-server/src/main/java/org/apache/hedwig/server/proxy/ProxySubscribeHandler.java,86
4.0.0,hedwig-server/src/main/java/org/apache/hedwig/server/proxy/ProxyUnsubscribeHandler.java,74
4.0.0,hedwig-server/src/main/java/org/apache/hedwig/server/regions/HedwigHubClient.java,48
4.0.0,hedwig-server/src/main/java/org/apache/hedwig/server/regions/HedwigHubClientFactory.java,74
4.0.0,hedwig-server/src/main/java/org/apache/hedwig/server/regions/HedwigHubSubscriber.java,86
4.0.0,hedwig-server/src/main/java/org/apache/hedwig/server/regions/RegionManager.java,355
4.0.0,hedwig-server/src/main/java/org/apache/hedwig/server/ssl/SslServerContextFactory.java,53
4.0.0,hedwig-server/src/main/java/org/apache/hedwig/server/subscriptions/AbstractSubscriptionManager.java,804
4.0.0,hedwig-server/src/main/java/org/apache/hedwig/server/subscriptions/AllToAllTopologyFilter.java,75
4.0.0,hedwig-server/src/main/java/org/apache/hedwig/server/subscriptions/InMemorySubscriptionManager.java,125
4.0.0,hedwig-server/src/main/java/org/apache/hedwig/server/subscriptions/InMemorySubscriptionState.java,200
4.0.0,hedwig-server/src/main/java/org/apache/hedwig/server/subscriptions/MessageFilter.java,0
4.0.0,hedwig-server/src/main/java/org/apache/hedwig/server/subscriptions/SubscriptionEventListener.java,57
4.0.0,hedwig-server/src/main/java/org/apache/hedwig/server/subscriptions/SubscriptionManager.java,123
4.0.0,hedwig-server/src/main/java/org/apache/hedwig/server/subscriptions/TrueFilter.java,0
4.0.0,hedwig-server/src/main/java/org/apache/hedwig/server/subscriptions/ZkSubscriptionManager.java,0
4.0.0,hedwig-server/src/main/java/org/apache/hedwig/server/topics/AbstractTopicManager.java,314
4.0.0,hedwig-server/src/main/java/org/apache/hedwig/server/topics/TopicManager.java,107
4.0.0,hedwig-server/src/main/java/org/apache/hedwig/server/topics/TopicOwnershipChangeListener.java,28
4.0.0,hedwig-server/src/main/java/org/apache/hedwig/server/topics/TrivialOwnAllTopicManager.java,58
4.0.0,hedwig-server/src/main/java/org/apache/hedwig/server/topics/ZkTopicManager.java,347
4.0.0,hedwig-server/src/main/java/org/apache/hedwig/zookeeper/SafeAsynBKCallback.java,104
4.0.0,hedwig-server/src/main/java/org/apache/hedwig/zookeeper/SafeAsyncCallback.java,35
4.0.0,hedwig-server/src/main/java/org/apache/hedwig/zookeeper/SafeAsyncZKCallback.java,98
4.0.0,hedwig-server/src/main/java/org/apache/hedwig/zookeeper/ZkUtils.java,117
4.0.0,hedwig-server/src/test/java/org/apache/hedwig/HelperMethods.java,58
4.0.0,hedwig-server/src/test/java/org/apache/hedwig/ServerControl.java,0
4.0.0,hedwig-server/src/test/java/org/apache/hedwig/ServerControlDaemon.java,0
4.0.0,hedwig-server/src/test/java/org/apache/hedwig/StubCallback.java,51
4.0.0,hedwig-server/src/test/java/org/apache/hedwig/StubScanCallback.java,57
4.0.0,hedwig-server/src/test/java/org/apache/hedwig/client/TestPubSubClient.java,707
4.0.0,hedwig-server/src/test/java/org/apache/hedwig/server/HedwigHubTestBase.java,196
4.0.0,hedwig-server/src/test/java/org/apache/hedwig/server/HedwigRegionTestBase.java,287
4.0.0,hedwig-server/src/test/java/org/apache/hedwig/server/PubSubServerStandAloneTestBase.java,103
4.0.0,hedwig-server/src/test/java/org/apache/hedwig/server/TestPubSubServerStartup.java,139
4.0.0,hedwig-server/src/test/java/org/apache/hedwig/server/delivery/StubDeliveryManager.java,90
4.0.0,hedwig-server/src/test/java/org/apache/hedwig/server/handlers/TestBaseHandler.java,116
4.0.0,hedwig-server/src/test/java/org/apache/hedwig/server/handlers/TestSubUnsubHandler.java,178
4.0.0,hedwig-server/src/test/java/org/apache/hedwig/server/integration/TestHedwigHub.java,778
4.0.0,hedwig-server/src/test/java/org/apache/hedwig/server/integration/TestHedwigRegion.java,303
4.0.0,hedwig-server/src/test/java/org/apache/hedwig/server/netty/TestPubSubServer.java,263
4.0.0,hedwig-server/src/test/java/org/apache/hedwig/server/netty/WriteRecordingChannel.java,170
4.0.0,hedwig-server/src/test/java/org/apache/hedwig/server/persistence/BookKeeperTestBase.java,267
4.0.0,hedwig-server/src/test/java/org/apache/hedwig/server/persistence/MessageBoundedPersistenceTest.java,288
4.0.0,hedwig-server/src/test/java/org/apache/hedwig/server/persistence/StubPersistenceManager.java,137
4.0.0,hedwig-server/src/test/java/org/apache/hedwig/server/persistence/StubScanCallback.java,48
4.0.0,hedwig-server/src/test/java/org/apache/hedwig/server/persistence/TestBookKeeperPersistenceManagerBlackBox.java,86
4.0.0,hedwig-server/src/test/java/org/apache/hedwig/server/persistence/TestBookkeeperPersistenceManagerWhiteBox.java,359
4.0.0,hedwig-server/src/test/java/org/apache/hedwig/server/persistence/TestDeadlock.java,277
4.0.0,hedwig-server/src/test/java/org/apache/hedwig/server/persistence/TestLocalDBPersistenceManagerBlackBox.java,53
4.0.0,hedwig-server/src/test/java/org/apache/hedwig/server/persistence/TestPersistenceManagerBlackBox.java,308
4.0.0,hedwig-server/src/test/java/org/apache/hedwig/server/persistence/TestReadAheadCacheBlackBox.java,54
4.0.0,hedwig-server/src/test/java/org/apache/hedwig/server/persistence/TestReadAheadCacheWhiteBox.java,308
4.0.0,hedwig-server/src/test/java/org/apache/hedwig/server/subscriptions/StubSubscriptionManager.java,55
4.0.0,hedwig-server/src/test/java/org/apache/hedwig/server/subscriptions/TestUpdateSubscriptionState.java,252
4.0.0,hedwig-server/src/test/java/org/apache/hedwig/server/subscriptions/TestZkSubscriptionManager.java,208
4.0.0,hedwig-server/src/test/java/org/apache/hedwig/server/topics/StubTopicManager.java,64
4.0.0,hedwig-server/src/test/java/org/apache/hedwig/server/topics/TestConcurrentTopicAcquisition.java,210
4.0.0,hedwig-server/src/test/java/org/apache/hedwig/server/topics/TestZkTopicManager.java,376
4.0.0,hedwig-server/src/test/java/org/apache/hedwig/zookeeper/TestZkUtils.java,47
4.0.0,hedwig-server/src/test/java/org/apache/hedwig/zookeeper/ZooKeeperTestBase.java,94
4.1.0,bookkeeper-server/src/main/java/org/apache/bookkeeper/bookie/BookieShell.java,1406
4.1.0,bookkeeper-server/src/main/java/org/apache/bookkeeper/bookie/GarbageCollector.java,51
4.1.0,bookkeeper-server/src/main/java/org/apache/bookkeeper/bookie/LedgerDirsManager.java,373
4.1.0,bookkeeper-server/src/main/java/org/apache/bookkeeper/bookie/ReadOnlyEntryLogger.java,58
4.1.0,bookkeeper-server/src/main/java/org/apache/bookkeeper/bookie/ReadOnlyFileInfo.java,44
4.1.0,bookkeeper-server/src/main/java/org/apache/bookkeeper/bookie/ScanAndCompareGarbageCollector.java,108
4.1.0,bookkeeper-server/src/main/java/org/apache/bookkeeper/client/LedgerChecker.java,272
4.1.0,bookkeeper-server/src/main/java/org/apache/bookkeeper/client/LedgerFragment.java,148
4.1.0,bookkeeper-server/src/main/java/org/apache/bookkeeper/client/LedgerFragmentReplicator.java,421
4.1.0,bookkeeper-server/src/main/java/org/apache/bookkeeper/meta/ActiveLedgerManager.java,0
4.1.0,bookkeeper-server/src/main/java/org/apache/bookkeeper/meta/FlatLedgerManagerFactory.java,92
4.1.0,bookkeeper-server/src/main/java/org/apache/bookkeeper/meta/HierarchicalLedgerManagerFactory.java,93
4.1.0,bookkeeper-server/src/main/java/org/apache/bookkeeper/meta/LedgerUnderreplicationManager.java,119
4.1.0,bookkeeper-server/src/main/java/org/apache/bookkeeper/meta/MSLedgerManagerFactory.java,733
4.1.0,bookkeeper-server/src/main/java/org/apache/bookkeeper/meta/ZkLedgerUnderreplicationManager.java,630
4.1.0,bookkeeper-server/src/main/java/org/apache/bookkeeper/meta/ZkVersion.java,69
4.1.0,bookkeeper-server/src/main/java/org/apache/bookkeeper/metastore/InMemoryMetaStore.java,-4
4.1.0,bookkeeper-server/src/main/java/org/apache/bookkeeper/metastore/InMemoryMetastoreCursor.java,-1
4.1.0,bookkeeper-server/src/main/java/org/apache/bookkeeper/metastore/InMemoryMetastoreTable.java,39
4.1.0,bookkeeper-server/src/main/java/org/apache/bookkeeper/metastore/MSException.java,214
4.1.0,bookkeeper-server/src/main/java/org/apache/bookkeeper/metastore/MetaStore.java,79
4.1.0,bookkeeper-server/src/main/java/org/apache/bookkeeper/metastore/MetastoreCallback.java,25
4.1.0,bookkeeper-server/src/main/java/org/apache/bookkeeper/metastore/MetastoreCursor.java,84
4.1.0,bookkeeper-server/src/main/java/org/apache/bookkeeper/metastore/MetastoreException.java,34
4.1.0,bookkeeper-server/src/main/java/org/apache/bookkeeper/metastore/MetastoreFactory.java,33
4.1.0,bookkeeper-server/src/main/java/org/apache/bookkeeper/metastore/MetastoreScannableTable.java,104
4.1.0,bookkeeper-server/src/main/java/org/apache/bookkeeper/metastore/MetastoreTable.java,193
4.1.0,bookkeeper-server/src/main/java/org/apache/bookkeeper/metastore/MetastoreTableItem.java,70
4.1.0,bookkeeper-server/src/main/java/org/apache/bookkeeper/metastore/MetastoreUtils.java,140
4.1.0,bookkeeper-server/src/main/java/org/apache/bookkeeper/metastore/Value.java,156
4.1.0,bookkeeper-server/src/main/java/org/apache/bookkeeper/metastore/mock/MockMetaStore.java,81
4.1.0,bookkeeper-server/src/main/java/org/apache/bookkeeper/metastore/mock/MockMetastoreCursor.java,98
4.1.0,bookkeeper-server/src/main/java/org/apache/bookkeeper/metastore/mock/MockMetastoreTable.java,341
4.1.0,bookkeeper-server/src/main/java/org/apache/bookkeeper/proto/DataFormats.java,4088
4.1.0,bookkeeper-server/src/main/java/org/apache/bookkeeper/replication/Auditor.java,556
4.1.0,bookkeeper-server/src/main/java/org/apache/bookkeeper/replication/AuditorElector.java,360
4.1.0,bookkeeper-server/src/main/java/org/apache/bookkeeper/replication/AutoRecoveryMain.java,284
4.1.0,bookkeeper-server/src/main/java/org/apache/bookkeeper/replication/BookieLedgerIndexer.java,135
4.1.0,bookkeeper-server/src/main/java/org/apache/bookkeeper/replication/ReplicationEnableCb.java,56
4.1.0,bookkeeper-server/src/main/java/org/apache/bookkeeper/replication/ReplicationException.java,78
4.1.0,bookkeeper-server/src/main/java/org/apache/bookkeeper/replication/ReplicationWorker.java,409
4.1.0,bookkeeper-server/src/main/java/org/apache/bookkeeper/util/BookKeeperConstants.java,45
4.1.0,bookkeeper-server/src/main/java/org/apache/bookkeeper/util/DiskChecker.java,182
4.1.0,bookkeeper-server/src/main/java/org/apache/bookkeeper/util/EntryFormatter.java,77
4.1.0,bookkeeper-server/src/main/java/org/apache/bookkeeper/util/ReflectionUtils.java,152
4.1.0,bookkeeper-server/src/main/java/org/apache/bookkeeper/util/SnapshotMap.java,-1
4.1.0,bookkeeper-server/src/main/java/org/apache/bookkeeper/util/StringEntryFormatter.java,47
4.1.0,bookkeeper-server/src/main/java/org/apache/bookkeeper/util/Tool.java,43
4.1.0,bookkeeper-server/src/main/java/org/apache/bookkeeper/versioning/Version.java,19
4.1.0,bookkeeper-server/src/main/java/org/apache/bookkeeper/versioning/Versioned.java,45
4.1.0,bookkeeper-server/src/main/java/org/apache/bookkeeper/zookeeper/ZooKeeperWatcherBase.java,97
4.1.0,bookkeeper-server/src/test/java/org/apache/bookkeeper/bookie/BookieAccessor.java,39
4.1.0,bookkeeper-server/src/test/java/org/apache/bookkeeper/bookie/BookieInitializationTest.java,429
4.1.0,bookkeeper-server/src/test/java/org/apache/bookkeeper/bookie/CreateNewLogTest.java,102
4.1.0,bookkeeper-server/src/test/java/org/apache/bookkeeper/bookie/IndexCorruptionTest.java,-13
4.1.0,bookkeeper-server/src/test/java/org/apache/bookkeeper/bookie/TestLedgerDirsManager.java,80
4.1.0,bookkeeper-server/src/test/java/org/apache/bookkeeper/client/BookieWriteLedgerTest.java,230
4.1.0,bookkeeper-server/src/test/java/org/apache/bookkeeper/client/LedgerHandleAdapter.java,32
4.1.0,bookkeeper-server/src/test/java/org/apache/bookkeeper/client/LedgerRecoveryTest.java,268
4.1.0,bookkeeper-server/src/test/java/org/apache/bookkeeper/client/RoundRobinDistributionScheduleTest.java,64
4.1.0,bookkeeper-server/src/test/java/org/apache/bookkeeper/client/SlowBookieTest.java,209
4.1.0,bookkeeper-server/src/test/java/org/apache/bookkeeper/client/TestLedgerChecker.java,462
4.1.0,bookkeeper-server/src/test/java/org/apache/bookkeeper/client/TestLedgerFragmentReplication.java,340
4.1.0,bookkeeper-server/src/test/java/org/apache/bookkeeper/client/TestSpeculativeRead.java,339
4.1.0,bookkeeper-server/src/test/java/org/apache/bookkeeper/meta/TestZkVersion.java,65
4.1.0,bookkeeper-server/src/test/java/org/apache/bookkeeper/metastore/MetastoreScannableTableAsyncToSyncConverter.java,59
4.1.0,bookkeeper-server/src/test/java/org/apache/bookkeeper/metastore/MetastoreTableAsyncToSyncConverter.java,131
4.1.0,bookkeeper-server/src/test/java/org/apache/bookkeeper/metastore/TestMetaStore.java,648
4.1.0,bookkeeper-server/src/test/java/org/apache/bookkeeper/proto/TestBKStats.java,43
4.1.0,bookkeeper-server/src/test/java/org/apache/bookkeeper/proto/TestPerChannelBookieClient.java,278
4.1.0,bookkeeper-server/src/test/java/org/apache/bookkeeper/replication/AuditorBookieTest.java,285
4.1.0,bookkeeper-server/src/test/java/org/apache/bookkeeper/replication/AuditorLedgerCheckerTest.java,401
4.1.0,bookkeeper-server/src/test/java/org/apache/bookkeeper/replication/AuditorPeriodicCheckTest.java,336
4.1.0,bookkeeper-server/src/test/java/org/apache/bookkeeper/replication/AutoRecoveryMainTest.java,108
4.1.0,bookkeeper-server/src/test/java/org/apache/bookkeeper/replication/BookieAutoRecoveryTest.java,625
4.1.0,bookkeeper-server/src/test/java/org/apache/bookkeeper/replication/BookieLedgerIndexTest.java,230
4.1.0,bookkeeper-server/src/test/java/org/apache/bookkeeper/replication/ReplicationTestUtil.java,59
4.1.0,bookkeeper-server/src/test/java/org/apache/bookkeeper/replication/TestAutoRecoveryAlongWithBookieServers.java,99
4.1.0,bookkeeper-server/src/test/java/org/apache/bookkeeper/replication/TestLedgerUnderreplicationManager.java,763
4.1.0,bookkeeper-server/src/test/java/org/apache/bookkeeper/replication/TestReplicationWorker.java,602
4.1.0,bookkeeper-server/src/test/java/org/apache/bookkeeper/test/MultiLedgerManagerMultiDigestTestCase.java,64
4.1.0,bookkeeper-server/src/test/java/org/apache/bookkeeper/test/MultiLedgerManagerTestCase.java,56
4.1.0,bookkeeper-server/src/test/java/org/apache/bookkeeper/test/PortManager.java,55
4.1.0,bookkeeper-server/src/test/java/org/apache/bookkeeper/test/ReadOnlyBookieTest.java,295
4.1.0,bookkeeper-server/src/test/java/org/apache/bookkeeper/test/TestBackwardCompat.java,711
4.1.0,bookkeeper-server/src/test/java/org/apache/bookkeeper/util/TestDiskChecker.java,111
4.1.0,bookkeeper-server/src/test/java/org/apache/bookkeeper/util/TestUtils.java,52
4.1.0,hedwig-client/src/main/java/org/apache/hedwig/client/exceptions/NoResponseHandlerException.java,34
4.1.0,hedwig-client/src/main/java/org/apache/hedwig/client/exceptions/ResubscribeException.java,34
4.1.0,hedwig-client/src/main/java/org/apache/hedwig/client/handlers/AbstractResponseHandler.java,156
4.1.0,hedwig-client/src/main/java/org/apache/hedwig/client/handlers/CloseSubscriptionResponseHandler.java,84
4.1.0,hedwig-client/src/main/java/org/apache/hedwig/client/netty/CleanupChannelMap.java,183
4.1.0,hedwig-client/src/main/java/org/apache/hedwig/client/netty/FilterableMessageHandler.java,70
4.1.0,hedwig-client/src/main/java/org/apache/hedwig/client/netty/HChannel.java,54
4.1.0,hedwig-client/src/main/java/org/apache/hedwig/client/netty/HChannelManager.java,160
4.1.0,hedwig-client/src/main/java/org/apache/hedwig/client/netty/NetUtils.java,221
4.1.0,hedwig-client/src/main/java/org/apache/hedwig/client/netty/SubscriptionEventEmitter.java,50
4.1.0,hedwig-client/src/main/java/org/apache/hedwig/client/netty/VoidCallbackAdapter.java,42
4.1.0,hedwig-client/src/main/java/org/apache/hedwig/client/netty/impl/AbstractHChannelManager.java,624
4.1.0,hedwig-client/src/main/java/org/apache/hedwig/client/netty/impl/AbstractSubscribeResponseHandler.java,377
4.1.0,hedwig-client/src/main/java/org/apache/hedwig/client/netty/impl/ActiveSubscriber.java,382
4.1.0,hedwig-client/src/main/java/org/apache/hedwig/client/netty/impl/ClientChannelPipelineFactory.java,14
4.1.0,hedwig-client/src/main/java/org/apache/hedwig/client/netty/impl/DefaultServerChannel.java,92
4.1.0,hedwig-client/src/main/java/org/apache/hedwig/client/netty/impl/HChannelHandler.java,282
4.1.0,hedwig-client/src/main/java/org/apache/hedwig/client/netty/impl/HChannelImpl.java,371
4.1.0,hedwig-client/src/main/java/org/apache/hedwig/client/netty/impl/NonSubscriptionChannelPipelineFactory.java,47
4.1.0,hedwig-client/src/main/java/org/apache/hedwig/client/netty/impl/ResubscribeCallback.java,10
4.1.0,hedwig-client/src/main/java/org/apache/hedwig/client/netty/impl/WriteCallback.java,4
4.1.0,hedwig-client/src/main/java/org/apache/hedwig/client/netty/impl/multiplex/MultiplexHChannelManager.java,319
4.1.0,hedwig-client/src/main/java/org/apache/hedwig/client/netty/impl/multiplex/MultiplexSubscribeResponseHandler.java,129
4.1.0,hedwig-client/src/main/java/org/apache/hedwig/client/netty/impl/multiplex/MultiplexSubscriptionChannelPipelineFactory.java,49
4.1.0,hedwig-client/src/main/java/org/apache/hedwig/client/netty/impl/multiplex/ResubscribeCallback.java,98
4.1.0,hedwig-client/src/main/java/org/apache/hedwig/client/netty/impl/simple/SimpleHChannelManager.java,358
4.1.0,hedwig-client/src/main/java/org/apache/hedwig/client/netty/impl/simple/SimpleSubscribeResponseHandler.java,277
4.1.0,hedwig-client/src/main/java/org/apache/hedwig/client/netty/impl/simple/SimpleSubscriptionChannelPipelineFactory.java,49
4.1.0,hedwig-client/src/main/java/org/apache/hedwig/client/netty/impl/simple/SubscribeReconnectCallback.java,-113
4.1.0,hedwig-client/src/main/java/org/apache/hedwig/client/netty/package-info.java,89
4.1.0,hedwig-client/src/main/java/org/apache/hedwig/filter/ClientMessageFilter.java,24
4.1.0,hedwig-client/src/main/java/org/apache/hedwig/filter/MessageFilter.java,70
4.1.0,hedwig-client/src/main/java/org/apache/hedwig/filter/MessageFilterBase.java,-20
4.1.0,hedwig-client/src/main/java/org/apache/hedwig/filter/PipelineFilter.java,72
4.1.0,hedwig-client/src/main/java/org/apache/hedwig/filter/ServerMessageFilter.java,47
4.1.0,hedwig-client/src/main/java/org/apache/hedwig/util/SubscriptionListener.java,44
4.1.0,hedwig-client/src/main/java/org/apache/hedwig/util/VarArgs.java,26
4.1.0,hedwig-protocol/src/main/java/org/apache/hedwig/protoextensions/MapUtils.java,74
4.1.0,hedwig-server/src/main/java/org/apache/hedwig/data/MessageFormatter.java,123
4.1.0,hedwig-server/src/main/java/org/apache/hedwig/server/handlers/CloseSubscriptionHandler.java,105
4.1.0,hedwig-server/src/main/java/org/apache/hedwig/server/handlers/SubscriptionChannelManager.java,214
4.1.0,hedwig-server/src/main/java/org/apache/hedwig/server/meta/FactoryLayout.java,167
4.1.0,hedwig-server/src/main/java/org/apache/hedwig/server/meta/MetadataManagerFactory.java,213
4.1.0,hedwig-server/src/main/java/org/apache/hedwig/server/meta/MsMetadataManagerFactory.java,867
4.1.0,hedwig-server/src/main/java/org/apache/hedwig/server/meta/SubscriptionDataManager.java,159
4.1.0,hedwig-server/src/main/java/org/apache/hedwig/server/meta/TopicOwnershipManager.java,100
4.1.0,hedwig-server/src/main/java/org/apache/hedwig/server/meta/TopicPersistenceManager.java,96
4.1.0,hedwig-server/src/main/java/org/apache/hedwig/server/meta/ZkMetadataManagerFactory.java,842
4.1.0,hedwig-server/src/main/java/org/apache/hedwig/server/persistence/CancelScanRequest.java,27
4.1.0,hedwig-server/src/main/java/org/apache/hedwig/server/proxy/ProxyCloseSubscriptionHandler.java,70
4.1.0,hedwig-server/src/main/java/org/apache/hedwig/server/subscriptions/MMSubscriptionManager.java,134
4.1.0,hedwig-server/src/main/java/org/apache/hedwig/server/topics/HubInfo.java,162
4.1.0,hedwig-server/src/main/java/org/apache/hedwig/server/topics/HubLoad.java,137
4.1.0,hedwig-server/src/main/java/org/apache/hedwig/server/topics/HubServerManager.java,124
4.1.0,hedwig-server/src/main/java/org/apache/hedwig/server/topics/MMTopicManager.java,359
4.1.0,hedwig-server/src/main/java/org/apache/hedwig/server/topics/ZkHubServerManager.java,470
4.1.0,hedwig-server/src/test/java/org/apache/hedwig/client/TestSubAfterCloseSub.java,207
4.1.0,hedwig-server/src/test/java/org/apache/hedwig/client/netty/TestCloseSubscription.java,0
4.1.0,hedwig-server/src/test/java/org/apache/hedwig/client/netty/TestMultiplexing.java,438
4.1.0,hedwig-server/src/test/java/org/apache/hedwig/server/LoggingExceptionHandler.java,35
4.1.0,hedwig-server/src/test/java/org/apache/hedwig/server/TestBackwardCompat.java,1209
4.1.0,hedwig-server/src/test/java/org/apache/hedwig/server/delivery/TestFIFODeliveryManager.java,298
4.1.0,hedwig-server/src/test/java/org/apache/hedwig/server/delivery/TestThrottlingDelivery.java,373
4.1.0,hedwig-server/src/test/java/org/apache/hedwig/server/filter/TestMessageFilter.java,415
4.1.0,hedwig-server/src/test/java/org/apache/hedwig/server/integration/TestHedwigHubProxy.java,36
4.1.0,hedwig-server/src/test/java/org/apache/hedwig/server/integration/TestHedwigHubRegular.java,36
4.1.0,hedwig-server/src/test/java/org/apache/hedwig/server/integration/TestHedwigHubSSL.java,36
4.1.0,hedwig-server/src/test/java/org/apache/hedwig/server/meta/MetadataManagerFactoryTestCase.java,79
4.1.0,hedwig-server/src/test/java/org/apache/hedwig/server/meta/TestFactoryLayout.java,84
4.1.0,hedwig-server/src/test/java/org/apache/hedwig/server/meta/TestMetadataManager.java,365
4.1.0,hedwig-server/src/test/java/org/apache/hedwig/server/meta/TestMetadataManagerFactory.java,306
4.1.0,hedwig-server/src/test/java/org/apache/hedwig/server/netty/TestServerStats.java,41
4.1.0,hedwig-server/src/test/java/org/apache/hedwig/server/persistence/TestBookKeeperPersistenceManager.java,802
4.1.0,hedwig-server/src/test/java/org/apache/hedwig/server/subscriptions/TestMMSubscriptionManager.java,6
4.1.0,hedwig-server/src/test/java/org/apache/hedwig/server/topics/TestHubInfo.java,62
4.1.0,hedwig-server/src/test/java/org/apache/hedwig/server/topics/TestHubLoad.java,60
4.1.0,hedwig-server/src/test/java/org/apache/hedwig/server/topics/TestMMTopicManager.java,357
4.2.0,bookkeeper-server/src/main/java/org/apache/bookkeeper/proto/BookieNettyServer.java,199
4.2.0,bookkeeper-server/src/main/java/org/apache/bookkeeper/proto/BookieProtoEncoding.java,194
4.2.0,bookkeeper-server/src/main/java/org/apache/bookkeeper/proto/BookieRequestHandler.java,91
4.2.0,bookkeeper-server/src/main/java/org/apache/bookkeeper/proto/ResponseBuilder.java,47
4.2.0,bookkeeper-server/src/test/java/org/apache/bookkeeper/meta/LedgerManagerIteratorTest.java,43
4.2.0,hedwig-client-jms/src/main/java/org/apache/hedwig/jms/ConnectionImpl.java,476
4.2.0,hedwig-client-jms/src/main/java/org/apache/hedwig/jms/ConnectionMetaDataImpl.java,77
4.2.0,hedwig-client-jms/src/main/java/org/apache/hedwig/jms/DebugUtil.java,69
4.2.0,hedwig-client-jms/src/main/java/org/apache/hedwig/jms/LRUCacheMap.java,104
4.2.0,hedwig-client-jms/src/main/java/org/apache/hedwig/jms/LRUCacheSet.java,115
4.2.0,hedwig-client-jms/src/main/java/org/apache/hedwig/jms/MessagingSessionFacade.java,421
4.2.0,hedwig-client-jms/src/main/java/org/apache/hedwig/jms/Mutable.java,61
4.2.0,hedwig-client-jms/src/main/java/org/apache/hedwig/jms/SessionImpl.java,2009
4.2.0,hedwig-client-jms/src/main/java/org/apache/hedwig/jms/StateManager.java,179
4.2.0,hedwig-client-jms/src/main/java/org/apache/hedwig/jms/jndi/HedwigInitialContext.java,106
4.2.0,hedwig-client-jms/src/main/java/org/apache/hedwig/jms/jndi/HedwigInitialContextFactory.java,33
4.2.0,hedwig-client-jms/src/main/java/org/apache/hedwig/jms/message/BytesMessageImpl.java,657
4.2.0,hedwig-client-jms/src/main/java/org/apache/hedwig/jms/message/MapMessageImpl.java,295
4.2.0,hedwig-client-jms/src/main/java/org/apache/hedwig/jms/message/MessageImpl.java,872
4.2.0,hedwig-client-jms/src/main/java/org/apache/hedwig/jms/message/MessageUtil.java,444
4.2.0,hedwig-client-jms/src/main/java/org/apache/hedwig/jms/message/ObjectMessageImpl.java,168
4.2.0,hedwig-client-jms/src/main/java/org/apache/hedwig/jms/message/StreamMessageImpl.java,752
4.2.0,hedwig-client-jms/src/main/java/org/apache/hedwig/jms/message/TextMessageImpl.java,135
4.2.0,hedwig-client-jms/src/main/java/org/apache/hedwig/jms/message/header/JmsHeader.java,1126
4.2.0,hedwig-client-jms/src/main/java/org/apache/hedwig/jms/message/header/MetadataProcessor.java,163
4.2.0,hedwig-client-jms/src/main/java/org/apache/hedwig/jms/selector/BinaryArithmeticFunction.java,184
4.2.0,hedwig-client-jms/src/main/java/org/apache/hedwig/jms/selector/BinaryExprFunction.java,51
4.2.0,hedwig-client-jms/src/main/java/org/apache/hedwig/jms/selector/ExprFunction.java,25
4.2.0,hedwig-client-jms/src/main/java/org/apache/hedwig/jms/selector/InterpretSelectorParserVisitor.java,180
4.2.0,hedwig-client-jms/src/main/java/org/apache/hedwig/jms/selector/LogicalComparisonFunction.java,64
4.2.0,hedwig-client-jms/src/main/java/org/apache/hedwig/jms/selector/MyNode.java,101
4.2.0,hedwig-client-jms/src/main/java/org/apache/hedwig/jms/selector/PropertyExprFunction.java,512
4.2.0,hedwig-client-jms/src/main/java/org/apache/hedwig/jms/selector/SelectorConstant.java,187
4.2.0,hedwig-client-jms/src/main/java/org/apache/hedwig/jms/selector/SelectorEvalState.java,56
4.2.0,hedwig-client-jms/src/main/java/org/apache/hedwig/jms/selector/SelectorEvaluationException.java,39
4.2.0,hedwig-client-jms/src/main/java/org/apache/hedwig/jms/selector/TreeDumperSelectorParserVisitor.java,261
4.2.0,hedwig-client-jms/src/main/java/org/apache/hedwig/jms/selector/UnaryArithmeticFunction.java,73
4.2.0,hedwig-client-jms/src/main/java/org/apache/hedwig/jms/selector/UnaryExprFunction.java,65
4.2.0,hedwig-client-jms/src/main/java/org/apache/hedwig/jms/selector/ValueComparisonFunction.java,329
4.2.0,hedwig-client-jms/src/main/java/org/apache/hedwig/jms/spi/HedwigConnectionFactoryImpl.java,64
4.2.0,hedwig-client-jms/src/main/java/org/apache/hedwig/jms/spi/HedwigConnectionImpl.java,164
4.2.0,hedwig-client-jms/src/main/java/org/apache/hedwig/jms/spi/HedwigMessagingSessionFacade.java,624
4.2.0,hedwig-client-jms/src/main/java/org/apache/hedwig/jms/spi/MessageConsumerImpl.java,74
4.2.0,hedwig-client-jms/src/main/java/org/apache/hedwig/jms/spi/MessageProducerImpl.java,117
4.2.0,hedwig-client-jms/src/main/java/org/apache/hedwig/jms/spi/QueueSessionImpl.java,84
4.2.0,hedwig-client-jms/src/main/java/org/apache/hedwig/jms/spi/TopicPublisherImpl.java,226
4.2.0,hedwig-client-jms/src/main/java/org/apache/hedwig/jms/spi/TopicSessionImpl.java,76
4.2.0,hedwig-client-jms/src/main/java/org/apache/hedwig/jms/spi/TopicSubscriberImpl.java,323
4.2.0,hedwig-client-jms/src/test/java/org/apache/activemq/AutoFailTestSupport.java,153
4.2.0,hedwig-client-jms/src/test/java/org/apache/activemq/CombinationTestSupport.java,250
4.2.0,hedwig-client-jms/src/test/java/org/apache/activemq/ConnectionCleanupTest.java,73
4.2.0,hedwig-client-jms/src/test/java/org/apache/activemq/ConsumerReceiveWithTimeoutTest.java,84
4.2.0,hedwig-client-jms/src/test/java/org/apache/activemq/ExpiryHogTest.java,61
4.2.0,hedwig-client-jms/src/test/java/org/apache/activemq/JMSConsumerTest.java,936
4.2.0,hedwig-client-jms/src/test/java/org/apache/activemq/JMSDurableTopicRedeliverTest.java,76
4.2.0,hedwig-client-jms/src/test/java/org/apache/activemq/JMSIndividualAckTest.java,165
4.2.0,hedwig-client-jms/src/test/java/org/apache/activemq/JMSMessageTest.java,504
4.2.0,hedwig-client-jms/src/test/java/org/apache/activemq/JMSUsecaseTest.java,109
4.2.0,hedwig-client-jms/src/test/java/org/apache/activemq/JmsAutoAckListenerTest.java,77
4.2.0,hedwig-client-jms/src/test/java/org/apache/activemq/JmsAutoAckTest.java,75
4.2.0,hedwig-client-jms/src/test/java/org/apache/activemq/JmsBenchmark.java,204
4.2.0,hedwig-client-jms/src/test/java/org/apache/activemq/JmsClientAckListenerTest.java,127
4.2.0,hedwig-client-jms/src/test/java/org/apache/activemq/JmsClientAckTest.java,148
4.2.0,hedwig-client-jms/src/test/java/org/apache/activemq/JmsConnectionStartStopTest.java,169
4.2.0,hedwig-client-jms/src/test/java/org/apache/activemq/JmsConsumerResetActiveListenerTest.java,157
4.2.0,hedwig-client-jms/src/test/java/org/apache/activemq/JmsCreateConsumerInOnMessageTest.java,96
4.2.0,hedwig-client-jms/src/test/java/org/apache/activemq/JmsDurableTopicSelectorTest.java,26
4.2.0,hedwig-client-jms/src/test/java/org/apache/activemq/JmsDurableTopicSendReceiveTest.java,87
4.2.0,hedwig-client-jms/src/test/java/org/apache/activemq/JmsDurableTopicTransactionTest.java,38
4.2.0,hedwig-client-jms/src/test/java/org/apache/activemq/JmsMultipleClientsTestSupport.java,281
4.2.0,hedwig-client-jms/src/test/java/org/apache/activemq/JmsRedeliveredTest.java,380
4.2.0,hedwig-client-jms/src/test/java/org/apache/activemq/JmsRollbackRedeliveryTest.java,339
4.2.0,hedwig-client-jms/src/test/java/org/apache/activemq/JmsSendReceiveTestSupport.java,234
4.2.0,hedwig-client-jms/src/test/java/org/apache/activemq/JmsSendReceiveWithMessageExpirationTest.java,239
4.2.0,hedwig-client-jms/src/test/java/org/apache/activemq/JmsSendWithAsyncCallbackTest.java,107
4.2.0,hedwig-client-jms/src/test/java/org/apache/activemq/JmsTestSupport.java,174
4.2.0,hedwig-client-jms/src/test/java/org/apache/activemq/JmsTopicCompositeSendReceiveTest.java,101
4.2.0,hedwig-client-jms/src/test/java/org/apache/activemq/JmsTopicRedeliverTest.java,176
4.2.0,hedwig-client-jms/src/test/java/org/apache/activemq/JmsTopicSelectorTest.java,212
4.2.0,hedwig-client-jms/src/test/java/org/apache/activemq/JmsTopicSendReceiveSubscriberTest.java,33
4.2.0,hedwig-client-jms/src/test/java/org/apache/activemq/JmsTopicSendReceiveTest.java,95
4.2.0,hedwig-client-jms/src/test/java/org/apache/activemq/JmsTopicSendReceiveWithTwoConnectionsTest.java,116
4.2.0,hedwig-client-jms/src/test/java/org/apache/activemq/JmsTopicSendReceiveWithTwoConnectionsWithJMXTest.java,28
4.2.0,hedwig-client-jms/src/test/java/org/apache/activemq/JmsTopicSendSameMessageTest.java,46
4.2.0,hedwig-client-jms/src/test/java/org/apache/activemq/JmsTopicTransactionTest.java,36
4.2.0,hedwig-client-jms/src/test/java/org/apache/activemq/JmsTransactionTestSupport.java,0
4.2.0,hedwig-client-jms/src/test/java/org/apache/activemq/LoadTestBurnIn.java,164
4.2.0,hedwig-client-jms/src/test/java/org/apache/activemq/MessageListenerRedeliveryTest.java,193
4.2.0,hedwig-client-jms/src/test/java/org/apache/activemq/RedeliveryPolicyTest.java,145
4.2.0,hedwig-client-jms/src/test/java/org/apache/activemq/TestSupport.java,151
4.2.0,hedwig-client-jms/src/test/java/org/apache/activemq/TimeStampTest.java,91
4.2.0,hedwig-client-jms/src/test/java/org/apache/activemq/demo/SimpleConsumer.java,129
4.2.0,hedwig-client-jms/src/test/java/org/apache/activemq/demo/SimpleProducer.java,138
4.2.0,hedwig-client-jms/src/test/java/org/apache/activemq/load/LoadClient.java,222
4.2.0,hedwig-client-jms/src/test/java/org/apache/activemq/load/LoadController.java,98
4.2.0,hedwig-client-jms/src/test/java/org/apache/activemq/load/LoadTest.java,127
4.2.0,hedwig-client-jms/src/test/java/org/apache/activemq/perf/ConnectionChurnTest.java,77
4.2.0,hedwig-client-jms/src/test/java/org/apache/activemq/perf/InactiveDurableTopicTest.java,171
4.2.0,hedwig-client-jms/src/test/java/org/apache/activemq/perf/NetworkedSyncTest.java,212
4.2.0,hedwig-client-jms/src/test/java/org/apache/activemq/perf/NumberOfDestinationsTest.java,88
4.2.0,hedwig-client-jms/src/test/java/org/apache/activemq/perf/PerfConsumer.java,139
4.2.0,hedwig-client-jms/src/test/java/org/apache/activemq/perf/PerfProducer.java,125
4.2.0,hedwig-client-jms/src/test/java/org/apache/activemq/perf/PerfRate.java,78
4.2.0,hedwig-client-jms/src/test/java/org/apache/activemq/perf/SimpleDurableTopicNetworkTest.java,50
4.2.0,hedwig-client-jms/src/test/java/org/apache/activemq/perf/SimpleDurableTopicTest.java,63
4.2.0,hedwig-client-jms/src/test/java/org/apache/activemq/perf/SimpleNetworkTest.java,79
4.2.0,hedwig-client-jms/src/test/java/org/apache/activemq/perf/SimpleNonPersistentTopicTest.java,37
4.2.0,hedwig-client-jms/src/test/java/org/apache/activemq/perf/SimpleTopicTest.java,181
4.2.0,hedwig-client-jms/src/test/java/org/apache/activemq/perf/SlowConsumer.java,47
4.2.0,hedwig-client-jms/src/test/java/org/apache/activemq/perf/SlowConsumerTopicTest.java,56
4.2.0,hedwig-client-jms/src/test/java/org/apache/activemq/perf/SlowDurableConsumerTopicTest.java,38
4.2.0,hedwig-client-jms/src/test/java/org/apache/activemq/test/JmsResourceProvider.java,237
4.2.0,hedwig-client-jms/src/test/java/org/apache/activemq/test/JmsSendReceiveTestSupport.java,273
4.2.0,hedwig-client-jms/src/test/java/org/apache/activemq/test/JmsTopicSendReceiveTest.java,116
4.2.0,hedwig-client-jms/src/test/java/org/apache/activemq/test/JmsTopicSendReceiveWithTwoConnectionsAndByteSelectorTest.java,35
4.2.0,hedwig-client-jms/src/test/java/org/apache/activemq/test/JmsTopicSendReceiveWithTwoConnectionsTest.java,129
4.2.0,hedwig-client-jms/src/test/java/org/apache/activemq/test/TestSupport.java,261
4.2.0,hedwig-client-jms/src/test/java/org/apache/activemq/test/rollback/DelegatingTransactionalMessageListener.java,71
4.2.0,hedwig-client-jms/src/test/java/org/apache/activemq/usecases/ChangeSentMessageTest.java,62
4.2.0,hedwig-client-jms/src/test/java/org/apache/activemq/usecases/ChangeSessionDeliveryModeTest.java,72
4.2.0,hedwig-client-jms/src/test/java/org/apache/activemq/usecases/CompositeConsumeTest.java,73
4.2.0,hedwig-client-jms/src/test/java/org/apache/activemq/usecases/CompositePublishTest.java,145
4.2.0,hedwig-client-jms/src/test/java/org/apache/activemq/usecases/ConcurrentProducerDurableConsumerTest.java,413
4.2.0,hedwig-client-jms/src/test/java/org/apache/activemq/usecases/DiscriminatingConsumerLoadTest.java,322
4.2.0,hedwig-client-jms/src/test/java/org/apache/activemq/usecases/DispatchMultipleConsumersTest.java,214
4.2.0,hedwig-client-jms/src/test/java/org/apache/activemq/usecases/DurableConsumerCloseAndReconnectTest.java,192
4.2.0,hedwig-client-jms/src/test/java/org/apache/activemq/usecases/DurableSubProcessTest.java,628
4.2.0,hedwig-client-jms/src/test/java/org/apache/activemq/usecases/DurableSubSelectorDelayTest.java,256
4.2.0,hedwig-client-jms/src/test/java/org/apache/activemq/usecases/DurableSubscriptionHangTestCase.java,119
4.2.0,hedwig-client-jms/src/test/java/org/apache/activemq/usecases/MyObject.java,73
4.2.0,hedwig-client-jms/src/test/java/org/apache/activemq/usecases/NonBlockingConsumerRedeliveryTest.java,340
4.2.0,hedwig-client-jms/src/test/java/org/apache/activemq/usecases/ObjectMessageNotSerializableTest.java,241
4.2.0,hedwig-client-jms/src/test/java/org/apache/activemq/usecases/ProducerConsumerTestSupport.java,54
4.2.0,hedwig-client-jms/src/test/java/org/apache/activemq/usecases/PublishOnDurableTopicConsumedMessageTest.java,27
4.2.0,hedwig-client-jms/src/test/java/org/apache/activemq/usecases/PublishOnTopicConsumedMessageTest.java,66
4.2.0,hedwig-client-jms/src/test/java/org/apache/activemq/usecases/SubscribeClosePublishThenConsumeTest.java,107
4.2.0,hedwig-client-jms/src/test/java/org/apache/activemq/usecases/TestSupport.java,157
4.2.0,hedwig-client-jms/src/test/java/org/apache/activemq/usecases/TopicRedeliverTest.java,300
4.2.0,hedwig-client-jms/src/test/java/org/apache/activemq/usecases/TransactionRollbackOrderTest.java,161
4.2.0,hedwig-client-jms/src/test/java/org/apache/activemq/usecases/TransactionTest.java,120
4.2.0,hedwig-client-jms/src/test/java/org/apache/activemq/util/ConsumerThread.java,86
4.2.0,hedwig-client-jms/src/test/java/org/apache/activemq/util/DefaultTestAppender.java,82
4.2.0,hedwig-client-jms/src/test/java/org/apache/activemq/util/IdGenerator.java,29
4.2.0,hedwig-client-jms/src/test/java/org/apache/activemq/util/MessageIdList.java,267
4.2.0,hedwig-client-jms/src/test/java/org/apache/activemq/util/ProducerThread.java,87
4.2.0,hedwig-client-jms/src/test/java/org/apache/activemq/util/SimplePojo.java,77
4.2.0,hedwig-client-jms/src/test/java/org/apache/activemq/util/Wait.java,40
4.2.0,hedwig-client-jms/src/test/java/org/apache/hedwig/JmsTestBase.java,95
4.2.0,hedwig-client-jms/src/test/java/org/apache/hedwig/jms/BasicJMSTest.java,337
4.2.0,hedwig-client-jms/src/test/java/org/apache/hedwig/jms/selector/BasicSelectorGrammarTest.java,376
4.2.0,hedwig-client-jms/src/test/java/org/apache/hedwig/jms/selector/activemq/SelectorParserTest.java,46
4.2.0,hedwig-client-jms/src/test/java/org/apache/hedwig/jms/selector/activemq/SelectorTest.java,399
4.2.1,bookkeeper-server/src/main/java/org/apache/bookkeeper/bookie/CheckpointSource.java,83
4.2.1,bookkeeper-server/src/main/java/org/apache/bookkeeper/bookie/LogMark.java,83
4.2.1,bookkeeper-server/src/main/java/org/apache/bookkeeper/bookie/SyncThread.java,189
4.2.1,bookkeeper-server/src/main/java/org/apache/bookkeeper/client/BookiesListener.java,27
4.2.1,bookkeeper-server/src/main/java/org/apache/bookkeeper/client/DefaultEnsemblePlacementPolicy.java,93
4.2.1,bookkeeper-server/src/main/java/org/apache/bookkeeper/client/EnsemblePlacementPolicy.java,89
4.2.1,bookkeeper-server/src/main/java/org/apache/bookkeeper/client/RackawareEnsemblePlacementPolicy.java,572
4.2.1,bookkeeper-server/src/main/java/org/apache/bookkeeper/conf/Configurable.java,47
4.2.1,bookkeeper-server/src/main/java/org/apache/bookkeeper/net/AbstractDNSToSwitchMapping.java,142
4.2.1,bookkeeper-server/src/main/java/org/apache/bookkeeper/net/CachedDNSToSwitchMapping.java,152
4.2.1,bookkeeper-server/src/main/java/org/apache/bookkeeper/net/CommonConfigurationKeys.java,31
4.2.1,bookkeeper-server/src/main/java/org/apache/bookkeeper/net/DNSToSwitchMapping.java,60
4.2.1,bookkeeper-server/src/main/java/org/apache/bookkeeper/net/NetUtils.java,60
4.2.1,bookkeeper-server/src/main/java/org/apache/bookkeeper/net/NetworkTopology.java,876
4.2.1,bookkeeper-server/src/main/java/org/apache/bookkeeper/net/Node.java,61
4.2.1,bookkeeper-server/src/main/java/org/apache/bookkeeper/net/NodeBase.java,185
4.2.1,bookkeeper-server/src/main/java/org/apache/bookkeeper/net/ScriptBasedMapping.java,264
4.2.1,bookkeeper-server/src/main/java/org/apache/bookkeeper/util/NativeIO.java,119
4.2.1,bookkeeper-server/src/main/java/org/apache/bookkeeper/util/Shell.java,677
4.2.1,bookkeeper-server/src/main/java/org/apache/bookkeeper/util/net/DNS.java,356
4.2.1,bookkeeper-server/src/test/java/org/apache/bookkeeper/bookie/BookieShutdownTest.java,142
4.2.1,bookkeeper-server/src/test/java/org/apache/bookkeeper/bookie/TestSyncThread.java,353
4.2.1,bookkeeper-server/src/test/java/org/apache/bookkeeper/client/LedgerCloseTest.java,226
4.2.1,bookkeeper-server/src/test/java/org/apache/bookkeeper/client/ListLedgersTest.java,111
4.2.1,bookkeeper-server/src/test/java/org/apache/bookkeeper/client/TestRackawareEnsemblePlacementPolicy.java,286
4.2.1,bookkeeper-server/src/test/java/org/apache/bookkeeper/proto/TestDeathwatcher.java,60
4.2.1,bookkeeper-server/src/test/java/org/apache/bookkeeper/util/StaticDNSResolver.java,80
4.2.2,bookkeeper-server/src/main/java/org/apache/bookkeeper/bookie/BookieCriticalThread.java,45
4.2.2,bookkeeper-server/src/main/java/org/apache/bookkeeper/bookie/BookieThread.java,55
4.2.2,bookkeeper-server/src/main/java/org/apache/bookkeeper/bookie/BufferedChannelBase.java,55
4.2.2,bookkeeper-server/src/main/java/org/apache/bookkeeper/bookie/BufferedReadChannel.java,103
4.2.2,bookkeeper-server/src/main/java/org/apache/bookkeeper/bookie/EntryKey.java,83
4.2.2,bookkeeper-server/src/main/java/org/apache/bookkeeper/bookie/IndexInMemPageMgr.java,547
4.2.2,bookkeeper-server/src/main/java/org/apache/bookkeeper/bookie/IndexPersistenceMgr.java,566
4.2.2,bookkeeper-server/src/main/java/org/apache/bookkeeper/bookie/LEPStateChangeCallback.java,31
4.2.2,bookkeeper-server/src/main/java/org/apache/bookkeeper/client/BookKeeperClientStats.java,43
4.2.2,bookkeeper-server/src/main/java/org/apache/bookkeeper/processor/RequestProcessor.java,43
4.2.2,bookkeeper-server/src/main/java/org/apache/bookkeeper/proto/BookieRequestProcessor.java,335
4.2.2,bookkeeper-server/src/main/java/org/apache/bookkeeper/util/DaemonThreadFactory.java,39
4.2.2,bookkeeper-server/src/main/java/org/apache/bookkeeper/util/ZeroBuffer.java,73
4.2.2,bookkeeper-server/src/test/java/org/apache/bookkeeper/bookie/BookieThreadTest.java,84
4.2.2,bookkeeper-server/src/test/java/org/apache/bookkeeper/client/TestWatchEnsembleChange.java,146
4.2.2,bookkeeper-server/src/test/java/org/apache/bookkeeper/conf/TestBKConfiguration.java,35
4.2.2,bookkeeper-server/src/test/java/org/apache/bookkeeper/test/MultipleThreadReadTest.java,319
4.2.2,bookkeeper-stats-providers/codahale-metrics-provider/src/main/java/org/apache/bookkeeper/stats/CodahaleMetricsProvider.java,131
4.2.2,bookkeeper-stats-providers/codahale-metrics-provider/src/main/java/org/apache/bookkeeper/stats/CodahaleOpStatsLogger.java,68
4.2.2,bookkeeper-stats-providers/codahale-metrics-provider/src/main/java/org/apache/bookkeeper/stats/CodahaleStatsLogger.java,99
4.2.2,bookkeeper-stats-providers/twitter-ostrich-provider/src/main/java/org/apache/bookkeeper/stats/twitter/ostrich/CounterImpl.java,53
4.2.2,bookkeeper-stats-providers/twitter-ostrich-provider/src/main/java/org/apache/bookkeeper/stats/twitter/ostrich/OpStatsLoggerImpl.java,81
4.2.2,bookkeeper-stats-providers/twitter-ostrich-provider/src/main/java/org/apache/bookkeeper/stats/twitter/ostrich/OstrichProvider.java,78
4.2.2,bookkeeper-stats-providers/twitter-ostrich-provider/src/main/java/org/apache/bookkeeper/stats/twitter/ostrich/OstrichStatsLoggerImpl.java,69
4.2.2,bookkeeper-stats-providers/twitter-science-provider/src/main/java/org/apache/bookkeeper/stats/twitter/science/CounterImpl.java,69
4.2.2,bookkeeper-stats-providers/twitter-science-provider/src/main/java/org/apache/bookkeeper/stats/twitter/science/HTTPStatsExporter.java,77
4.2.2,bookkeeper-stats-providers/twitter-science-provider/src/main/java/org/apache/bookkeeper/stats/twitter/science/OpStatsLoggerImpl.java,72
4.2.2,bookkeeper-stats-providers/twitter-science-provider/src/main/java/org/apache/bookkeeper/stats/twitter/science/TwitterStatsLoggerImpl.java,72
4.2.2,bookkeeper-stats-providers/twitter-science-provider/src/main/java/org/apache/bookkeeper/stats/twitter/science/TwitterStatsProvider.java,63
4.2.2,bookkeeper-stats/src/main/java/org/apache/bookkeeper/stats/Counter.java,50
4.2.2,bookkeeper-stats/src/main/java/org/apache/bookkeeper/stats/Gauge.java,28
4.2.2,bookkeeper-stats/src/main/java/org/apache/bookkeeper/stats/NullStatsLogger.java,96
4.2.2,bookkeeper-stats/src/main/java/org/apache/bookkeeper/stats/NullStatsProvider.java,40
4.2.2,bookkeeper-stats/src/main/java/org/apache/bookkeeper/stats/OpStatsData.java,76
4.2.2,bookkeeper-stats/src/main/java/org/apache/bookkeeper/stats/OpStatsLogger.java,49
4.2.2,bookkeeper-stats/src/main/java/org/apache/bookkeeper/stats/Stats.java,63
4.2.2,bookkeeper-stats/src/main/java/org/apache/bookkeeper/stats/StatsLogger.java,55
4.2.2,bookkeeper-stats/src/main/java/org/apache/bookkeeper/stats/StatsProvider.java,45
4.3.0,bookkeeper-server/src/main/java/org/apache/bookkeeper/bookie/CacheCallback.java,34
4.3.0,bookkeeper-server/src/main/java/org/apache/bookkeeper/bookie/EntryKeyValue.java,129
4.3.0,bookkeeper-server/src/main/java/org/apache/bookkeeper/bookie/EntryMemTable.java,380
4.3.0,bookkeeper-server/src/main/java/org/apache/bookkeeper/bookie/SkipListArena.java,238
4.3.0,bookkeeper-server/src/main/java/org/apache/bookkeeper/bookie/SkipListFlusher.java,43
4.3.0,bookkeeper-server/src/main/java/org/apache/bookkeeper/bookie/SortedLedgerStorage.java,185
4.3.0,bookkeeper-server/src/main/java/org/apache/bookkeeper/client/TryReadLastConfirmedOp.java,107
4.3.0,bookkeeper-server/src/main/java/org/apache/bookkeeper/meta/CleanupLedgerManager.java,226
4.3.0,bookkeeper-server/src/main/java/org/apache/bookkeeper/metastore/MSWatchedEvent.java,38
4.3.0,bookkeeper-server/src/main/java/org/apache/bookkeeper/metastore/MetastoreWatcher.java,22
4.3.0,bookkeeper-server/src/main/java/org/apache/bookkeeper/net/BookieSocketAddress.java,100
4.3.0,bookkeeper-server/src/main/java/org/apache/bookkeeper/proto/DefaultPerChannelBookieClientPool.java,88
4.3.0,bookkeeper-server/src/main/java/org/apache/bookkeeper/proto/PerChannelBookieClientFactory.java,37
4.3.0,bookkeeper-server/src/main/java/org/apache/bookkeeper/proto/PerChannelBookieClientPool.java,48
4.3.0,bookkeeper-server/src/test/java/org/apache/bookkeeper/client/BookKeeperCloseTest.java,676
4.3.0,bookkeeper-server/src/test/java/org/apache/bookkeeper/client/TestTryReadLastConfirmed.java,187
4.3.0,bookkeeper-server/src/test/java/org/apache/bookkeeper/replication/AuditorPeriodicBookieCheckTest.java,124
4.3.0,bookkeeper-server/src/test/java/org/apache/bookkeeper/replication/AuditorRollingRestartTest.java,73
4.3.0,bookkeeper-server/src/test/java/org/apache/bookkeeper/test/TestCallbacks.java,57
4.3.0,hedwig-server/src/main/java/org/apache/hedwig/server/topics/TopicBasedLoadShedder.java,151
4.3.0,hedwig-server/src/test/java/org/apache/hedwig/server/topics/TestTopicBasedLoadShedder.java,194
